transaction_id,customer_id,datetime,stock_code,action,quantity,price,fee
TC001_0_0,C001,2023-07-01 11:24:00,DCM,buy,48,68.99,3.31152
TC001_0_1,C001,2023-07-01 09:42:00,SJS,buy,30,59.6,1.788
TC001_0_2,C001,2023-07-01 09:51:00,SJS,buy,47,49.96,2.3481199999999998
TC001_0_3,C001,2023-07-01 09:12:00,VHC,buy,21,23.91,0.5021100000000001
TC001_0_4,C001,2023-07-01 11:06:00,CSV,buy,53,91.12,4.82936
TC001_0_5,C001,2023-07-01 10:08:00,LPB,buy,67,42.84,2.87028
TC001_0_6,C001,2023-07-01 09:50:00,VHC,buy,39,99.26,3.8711400000000005
TC001_0_7,C001,2023-07-01 14:52:00,CSV,sell,21,47.51,0.99771
TC001_0_8,C001,2023-07-01 13:27:00,SJS,sell,15,98.82,1.4823
TC001_0_9,C001,2023-07-01 14:39:00,LPB,sell,26,30.6,0.7956000000000001
TC001_0_14,C001,2023-07-01 13:04:00,VHC,sell,8,29.83,0.23864
TC001_0_close,C001,2023-07-01 14:49:00,DCM,sell,48,25.47,0.0
TC001_1_0,C001,2023-07-03 10:16:00,VHC,buy,44,64.04,2.8177600000000003
TC001_1_1,C001,2023-07-03 10:44:00,CSV,buy,27,46.01,1.24227
TC001_1_2,C001,2023-07-03 11:25:00,CSV,buy,36,37.47,1.3489200000000001
TC001_1_3,C001,2023-07-03 11:01:00,SJS,buy,74,40.42,2.99108
TC001_1_4,C001,2023-07-03 09:38:00,SJS,buy,41,44.14,1.8097400000000001
TC001_1_5,C001,2023-07-03 09:22:00,VHC,buy,56,94.84,5.31104
TC001_1_6,C001,2023-07-03 10:29:00,VHC,buy,50,21.13,1.0565
TC001_1_close,C001,2023-07-03 13:48:00,VHC,sell,150,62.56,0.0
TC001_1_close,C001,2023-07-03 13:17:00,CSV,sell,63,49.17,0.0
TC001_1_close,C001,2023-07-03 14:19:00,SJS,sell,115,40.08,0.0
TC001_2_0,C001,2023-07-04 09:49:00,DCM,buy,28,72.48,2.02944
TC001_2_1,C001,2023-07-04 09:58:00,CSV,buy,62,36.29,2.24998
TC001_2_2,C001,2023-07-04 09:56:00,CSV,buy,44,97.29,4.28076
TC001_2_3,C001,2023-07-04 10:36:00,LPB,buy,41,27.65,1.1336499999999998
TC001_2_4,C001,2023-07-04 11:14:00,DCM,buy,27,22.19,0.59913
TC001_2_5,C001,2023-07-04 09:32:00,DCM,buy,18,77.73,1.39914
TC001_2_6,C001,2023-07-04 13:39:00,DCM,sell,73,71.7,5.234100000000001
TC001_2_close,C001,2023-07-04 14:33:00,CSV,sell,106,53.48,0.0
TC001_2_close,C001,2023-07-04 13:39:00,LPB,sell,41,30.87,0.0
TC001_3_0,C001,2023-07-05 09:17:00,DCM,buy,71,85.29,6.0555900000000005
TC001_3_1,C001,2023-07-05 11:07:00,DCM,buy,30,62.63,1.8789000000000002
TC001_3_3,C001,2023-07-05 14:27:00,DCM,sell,15,69.61,1.0441500000000001
TC001_4_0,C001,2023-07-06 10:30:00,CSV,buy,50,36.5,1.825
TC001_4_1,C001,2023-07-06 09:13:00,LPB,buy,10,21.98,0.21980000000000002
TC001_4_2,C001,2023-07-06 09:34:00,LPB,buy,27,88.79,2.3973300000000006
TC001_4_3,C001,2023-07-06 11:03:00,CSV,buy,32,61.6,1.9712
TC001_4_4,C001,2023-07-06 11:09:00,CSV,buy,45,36.44,1.6398
TC001_4_5,C001,2023-07-06 13:06:00,CSV,sell,66,50.12,3.3079199999999997
TC001_4_6,C001,2023-07-06 13:25:00,LPB,sell,8,83.25,0.666
TC001_5_0,C001,2023-07-07 09:50:00,SJS,buy,77,46.08,3.5481599999999998
TC001_5_1,C001,2023-07-07 10:14:00,LPB,buy,12,35.52,0.42624
TC001_5_2,C001,2023-07-07 11:18:00,DCM,buy,53,54.29,2.87737
TC001_5_3,C001,2023-07-07 09:26:00,LPB,buy,80,91.55,7.324
TC001_5_4,C001,2023-07-07 11:19:00,CSV,buy,17,41.65,0.70805
TC001_5_5,C001,2023-07-07 13:01:00,LPB,sell,19,31.06,0.59014
TC001_5_6,C001,2023-07-07 14:15:00,DCM,sell,18,84.66,1.52388
TC001_5_7,C001,2023-07-07 13:40:00,SJS,sell,38,47.22,1.79436
TC001_5_close,C001,2023-07-07 13:25:00,CSV,sell,17,95.43,0.0
TC001_6_0,C001,2023-07-10 10:37:00,CSV,buy,80,57.42,4.5936
TC001_6_1,C001,2023-07-10 10:11:00,VHC,buy,51,22.69,1.1571900000000002
TC001_6_2,C001,2023-07-10 11:04:00,DCM,buy,42,55.83,2.34486
TC001_6_4,C001,2023-07-10 14:52:00,CSV,sell,16,61.25,0.98
TC001_6_close,C001,2023-07-10 13:37:00,VHC,sell,51,92.45,0.0
TC001_6_close,C001,2023-07-10 14:55:00,DCM,sell,42,34.26,0.0
TC001_7_0,C001,2023-07-11 09:19:00,CSV,buy,44,67.13,2.9537199999999997
TC001_7_1,C001,2023-07-11 10:01:00,SJS,buy,37,58.37,2.15969
TC001_7_2,C001,2023-07-11 11:16:00,CSV,buy,73,75.04,5.47792
TC001_7_3,C001,2023-07-11 09:39:00,DCM,buy,12,42.6,0.5112000000000001
TC001_7_7,C001,2023-07-11 13:59:00,DCM,sell,12,87.27,1.04724
TC001_7_close,C001,2023-07-11 14:09:00,CSV,sell,117,73.84,0.0
TC001_7_close,C001,2023-07-11 14:51:00,SJS,sell,37,69.41,0.0
TC001_8_0,C001,2023-07-12 09:20:00,LPB,buy,40,79.06,3.1624000000000003
TC001_8_1,C001,2023-07-12 09:05:00,VHC,buy,77,38.26,2.94602
TC001_8_close,C001,2023-07-12 14:58:00,LPB,sell,40,94.29,0.0
TC001_8_close,C001,2023-07-12 13:42:00,VHC,sell,77,26.39,0.0
TC001_9_0,C001,2023-07-13 10:05:00,SJS,buy,59,59.08,3.4857199999999997
TC001_9_1,C001,2023-07-13 10:08:00,SJS,buy,38,72.2,2.7436
TC001_9_2,C001,2023-07-13 09:14:00,CSV,buy,34,34.52,1.17368
TC001_9_3,C001,2023-07-13 10:09:00,DCM,buy,30,60.73,1.8218999999999999
TC001_9_4,C001,2023-07-13 10:52:00,CSV,buy,77,28.28,2.17756
TC001_9_5,C001,2023-07-13 09:29:00,SJS,buy,16,52.83,0.84528
TC001_9_6,C001,2023-07-13 09:50:00,LPB,buy,23,66.36,1.52628
TC001_9_9,C001,2023-07-13 14:22:00,SJS,sell,60,45.22,2.7132
TC001_9_12,C001,2023-07-13 14:16:00,LPB,sell,23,87.55,2.0136499999999997
TC001_9_close,C001,2023-07-13 14:11:00,CSV,sell,111,62.56,0.0
TC001_9_close,C001,2023-07-13 14:50:00,DCM,sell,30,74.54,0.0
TC001_10_0,C001,2023-07-14 10:14:00,CSV,buy,62,41.53,2.57486
TC001_10_1,C001,2023-07-14 09:40:00,VHC,buy,44,83.01,3.65244
TC001_10_2,C001,2023-07-14 11:13:00,LPB,buy,25,60.93,1.52325
TC001_10_3,C001,2023-07-14 11:29:00,SJS,buy,48,43.15,2.0711999999999997
TC001_10_4,C001,2023-07-14 11:28:00,VHC,buy,60,25.98,1.5588
TC001_10_5,C001,2023-07-14 10:13:00,LPB,buy,19,97.11,1.84509
TC001_10_6,C001,2023-07-14 11:06:00,VHC,buy,42,28.84,1.21128
TC001_10_7,C001,2023-07-14 13:16:00,LPB,sell,7,46.11,0.32277
TC001_10_8,C001,2023-07-14 14:07:00,VHC,sell,89,21.63,1.92507
TC001_10_9,C001,2023-07-14 13:45:00,SJS,sell,48,76.74,3.6835199999999997
TC001_10_close,C001,2023-07-14 13:39:00,CSV,sell,62,96.34,0.0
TC001_11_0,C001,2023-07-17 09:33:00,LPB,buy,73,65.26,4.763980000000001
TC001_11_1,C001,2023-07-17 10:47:00,DCM,buy,15,42.47,0.63705
TC001_11_2,C001,2023-07-17 10:56:00,SJS,buy,71,96.57,6.85647
TC001_11_3,C001,2023-07-17 11:00:00,LPB,buy,59,65.33,3.85447
TC001_11_4,C001,2023-07-17 10:16:00,CSV,buy,22,45.86,1.00892
TC001_11_5,C001,2023-07-17 10:01:00,SJS,buy,30,34.51,1.0352999999999999
TC001_11_6,C001,2023-07-17 13:08:00,CSV,sell,7,25.88,0.18116
TC001_11_8,C001,2023-07-17 13:50:00,LPB,sell,20,83.07,1.6614
TC001_11_10,C001,2023-07-17 14:34:00,SJS,sell,27,20.33,0.54891
TC001_11_11,C001,2023-07-17 13:44:00,DCM,sell,7,55.19,0.38633
TC001_12_0,C001,2023-07-18 10:20:00,SJS,buy,59,22.48,1.32632
TC001_12_1,C001,2023-07-18 11:19:00,SJS,buy,42,61.53,2.5842600000000004
TC001_12_2,C001,2023-07-18 11:26:00,DCM,buy,17,89.37,1.51929
TC001_12_3,C001,2023-07-18 10:23:00,VHC,buy,30,71.58,2.1474
TC001_12_4,C001,2023-07-18 14:39:00,DCM,sell,6,31.19,0.18714000000000003
TC001_12_7,C001,2023-07-18 13:34:00,VHC,sell,15,43.18,0.6477
TC001_12_close,C001,2023-07-18 13:35:00,SJS,sell,101,78.18,0.0
TC001_13_0,C001,2023-07-19 10:55:00,DCM,buy,73,53.96,3.93908
TC001_13_1,C001,2023-07-19 11:01:00,VHC,buy,12,23.23,0.27876
TC001_13_2,C001,2023-07-19 10:31:00,SJS,buy,12,20.28,0.24336000000000002
TC001_13_3,C001,2023-07-19 11:26:00,VHC,buy,58,77.62,4.50196
TC001_13_4,C001,2023-07-19 13:59:00,DCM,sell,17,92.45,1.5716500000000002
TC001_13_5,C001,2023-07-19 13:09:00,VHC,sell,42,89.96,3.77832
TC001_13_close,C001,2023-07-19 14:54:00,SJS,sell,12,77.76,0.0
TC001_14_0,C001,2023-07-20 11:25:00,SJS,buy,25,82.31,2.05775
TC001_14_1,C001,2023-07-20 09:30:00,DCM,buy,24,57.35,1.3764
TC001_14_2,C001,2023-07-20 09:08:00,CSV,buy,13,73.7,0.9581000000000001
TC001_14_3,C001,2023-07-20 09:04:00,LPB,buy,68,27.07,1.84076
TC001_14_4,C001,2023-07-20 14:34:00,CSV,sell,4,47.63,0.19052000000000002
TC001_14_5,C001,2023-07-20 13:08:00,LPB,sell,44,35.04,1.54176
TC001_14_close,C001,2023-07-20 14:40:00,SJS,sell,25,33.78,0.0
TC001_14_close,C001,2023-07-20 14:42:00,DCM,sell,24,26.65,0.0
TC001_15_0,C001,2023-07-21 11:09:00,DCM,buy,22,27.04,0.59488
TC001_15_1,C001,2023-07-21 09:42:00,DCM,buy,65,51.48,3.3462
TC001_15_2,C001,2023-07-21 09:01:00,VHC,buy,52,21.8,1.1336000000000002
TC001_15_3,C001,2023-07-21 10:11:00,LPB,buy,15,70.64,1.0595999999999999
TC001_15_4,C001,2023-07-21 11:10:00,LPB,buy,37,97.38,3.60306
TC001_15_5,C001,2023-07-21 11:15:00,SJS,buy,52,53.74,2.79448
TC001_15_6,C001,2023-07-21 11:07:00,LPB,buy,56,69.09,3.86904
TC001_15_7,C001,2023-07-21 14:02:00,SJS,sell,28,82.68,2.31504
TC001_15_8,C001,2023-07-21 14:39:00,DCM,sell,15,39.58,0.5936999999999999
TC001_15_11,C001,2023-07-21 14:28:00,VHC,sell,8,76.29,0.6103200000000001
TC001_15_close,C001,2023-07-21 13:18:00,LPB,sell,108,59.41,0.0
TC001_16_0,C001,2023-07-24 11:24:00,LPB,buy,55,39.0,2.145
TC001_16_1,C001,2023-07-24 10:10:00,SJS,buy,66,74.51,4.917660000000001
TC001_16_2,C001,2023-07-24 11:28:00,SJS,buy,73,40.28,2.94044
TC001_16_3,C001,2023-07-24 09:16:00,DCM,buy,49,99.54,4.87746
TC001_16_4,C001,2023-07-24 09:41:00,SJS,buy,20,79.95,1.599
TC001_16_5,C001,2023-07-24 11:19:00,CSV,buy,49,40.75,1.99675
TC001_16_6,C001,2023-07-24 14:13:00,LPB,sell,55,20.04,1.1022
TC001_16_8,C001,2023-07-24 14:33:00,DCM,sell,20,60.22,1.2044000000000001
TC001_16_close,C001,2023-07-24 14:33:00,SJS,sell,159,92.1,0.0
TC001_16_close,C001,2023-07-24 13:21:00,CSV,sell,49,94.39,0.0
TC001_17_0,C001,2023-07-25 11:00:00,CSV,buy,78,71.25,5.5575
TC001_17_1,C001,2023-07-25 11:19:00,DCM,buy,74,96.44,7.136559999999999
TC001_17_2,C001,2023-07-25 10:10:00,CSV,buy,80,85.79,6.863200000000001
TC001_17_3,C001,2023-07-25 09:24:00,LPB,buy,35,72.53,2.5385500000000003
TC001_17_4,C001,2023-07-25 11:06:00,LPB,buy,39,70.34,2.7432600000000003
TC001_17_5,C001,2023-07-25 09:10:00,LPB,buy,71,65.24,4.63204
TC001_17_7,C001,2023-07-25 14:13:00,DCM,sell,74,77.27,5.71798
TC001_17_11,C001,2023-07-25 13:05:00,LPB,sell,93,40.07,3.72651
TC001_17_close,C001,2023-07-25 13:10:00,CSV,sell,158,22.39,0.0
TC001_18_0,C001,2023-07-26 10:17:00,DCM,buy,28,84.37,2.3623600000000002
TC001_18_1,C001,2023-07-26 11:05:00,LPB,buy,27,27.28,0.7365600000000001
TC001_18_2,C001,2023-07-26 09:40:00,LPB,buy,36,48.02,1.72872
TC001_18_3,C001,2023-07-26 10:16:00,CSV,buy,37,81.61,3.0195700000000003
TC001_18_4,C001,2023-07-26 09:13:00,CSV,buy,14,31.41,0.43974
TC001_18_5,C001,2023-07-26 11:06:00,LPB,buy,74,87.77,6.49498
TC001_18_6,C001,2023-07-26 11:18:00,LPB,buy,23,98.83,2.2730900000000003
TC001_18_9,C001,2023-07-26 14:31:00,CSV,sell,7,49.84,0.34888
TC001_18_11,C001,2023-07-26 14:03:00,DCM,sell,3,30.08,0.09024
TC001_18_close,C001,2023-07-26 13:58:00,LPB,sell,160,91.45,0.0
TC001_19_0,C001,2023-07-27 10:12:00,DCM,buy,45,87.63,3.94335
TC001_19_1,C001,2023-07-27 09:45:00,DCM,buy,71,59.97,4.25787
TC001_19_2,C001,2023-07-27 11:30:00,DCM,buy,36,51.59,1.8572400000000002
TC001_19_3,C001,2023-07-27 10:59:00,LPB,buy,63,37.63,2.37069
TC001_19_4,C001,2023-07-27 11:04:00,DCM,buy,47,70.4,3.3088
TC001_19_5,C001,2023-07-27 11:03:00,VHC,buy,33,87.88,2.90004
TC001_19_6,C001,2023-07-27 14:35:00,LPB,sell,31,50.16,1.55496
TC001_19_7,C001,2023-07-27 14:57:00,DCM,sell,92,86.53,7.9607600000000005
TC001_19_close,C001,2023-07-27 13:30:00,VHC,sell,33,69.04,0.0
TC001_20_0,C001,2023-07-28 10:41:00,VHC,buy,31,35.77,1.1088700000000002
TC001_20_1,C001,2023-07-28 11:04:00,DCM,buy,19,53.91,1.02429
TC001_20_2,C001,2023-07-28 09:00:00,DCM,buy,70,30.3,2.121
TC001_20_3,C001,2023-07-28 09:53:00,CSV,buy,29,28.73,0.83317
TC001_20_4,C001,2023-07-28 09:13:00,LPB,buy,17,93.07,1.5821899999999998
TC001_20_5,C001,2023-07-28 14:30:00,LPB,sell,4,75.38,0.30152
TC001_20_6,C001,2023-07-28 14:50:00,DCM,sell,89,84.5,7.5205
TC001_20_8,C001,2023-07-28 14:52:00,CSV,sell,16,78.11,1.24976
TC001_20_close,C001,2023-07-28 13:50:00,VHC,sell,31,20.67,0.0
TC001_21_0,C001,2023-07-31 10:48:00,CSV,buy,15,82.57,1.23855
TC001_21_1,C001,2023-07-31 11:17:00,DCM,buy,69,48.13,3.3209700000000004
TC001_21_2,C001,2023-07-31 11:25:00,SJS,buy,26,41.01,1.06626
TC001_21_4,C001,2023-07-31 14:48:00,DCM,sell,17,54.82,0.9319400000000001
TC001_21_5,C001,2023-07-31 14:02:00,SJS,sell,17,72.17,1.22689
TC001_21_6,C001,2023-07-31 13:11:00,CSV,sell,10,49.07,0.4907
TC001_22_0,C001,2023-08-01 11:13:00,VHC,buy,50,24.23,1.2115
TC001_22_1,C001,2023-08-01 11:29:00,CSV,buy,17,52.73,0.89641
TC001_22_2,C001,2023-08-01 10:45:00,SJS,buy,78,20.84,1.62552
TC001_22_3,C001,2023-08-01 10:35:00,SJS,buy,71,35.83,2.54393
TC001_22_4,C001,2023-08-01 09:23:00,SJS,buy,27,29.82,0.80514
TC001_22_5,C001,2023-08-01 11:22:00,CSV,buy,56,41.55,2.3268
TC001_22_8,C001,2023-08-01 14:01:00,CSV,sell,48,31.34,1.5043199999999999
TC001_22_10,C001,2023-08-01 14:09:00,SJS,sell,176,81.3,14.3088
TC001_22_close,C001,2023-08-01 14:26:00,VHC,sell,50,52.08,0.0
TC001_23_0,C001,2023-08-02 09:49:00,DCM,buy,13,21.7,0.28209999999999996
TC001_23_1,C001,2023-08-02 09:44:00,VHC,buy,77,81.58,6.28166
TC001_23_2,C001,2023-08-02 11:03:00,CSV,buy,10,31.78,0.3178
TC001_23_3,C001,2023-08-02 10:05:00,DCM,buy,78,33.91,2.6449799999999994
TC001_23_4,C001,2023-08-02 13:17:00,DCM,sell,59,51.2,3.0208000000000004
TC001_23_7,C001,2023-08-02 14:06:00,CSV,sell,3,70.34,0.21102
TC001_23_close,C001,2023-08-02 14:32:00,VHC,sell,77,35.64,0.0
TC001_24_0,C001,2023-08-03 09:56:00,SJS,buy,69,97.34,6.7164600000000005
TC001_24_1,C001,2023-08-03 09:18:00,DCM,buy,58,49.35,2.8623000000000003
TC001_24_2,C001,2023-08-03 09:09:00,VHC,buy,71,31.53,2.23863
TC001_24_3,C001,2023-08-03 11:28:00,DCM,buy,37,25.87,0.9571900000000001
TC001_24_4,C001,2023-08-03 11:13:00,SJS,buy,41,45.31,1.85771
TC001_24_5,C001,2023-08-03 11:26:00,VHC,buy,67,21.24,1.42308
TC001_24_6,C001,2023-08-03 11:15:00,DCM,buy,63,31.11,1.9599300000000002
TC001_24_8,C001,2023-08-03 14:16:00,SJS,sell,69,26.2,1.8078
TC001_24_9,C001,2023-08-03 14:14:00,VHC,sell,16,98.42,1.5747200000000001
TC001_24_11,C001,2023-08-03 13:41:00,DCM,sell,158,57.43,9.07394
TC001_25_0,C001,2023-08-04 09:18:00,CSV,buy,15,32.72,0.49079999999999996
TC001_25_1,C001,2023-08-04 09:31:00,VHC,buy,56,23.16,1.2969600000000001
TC001_25_2,C001,2023-08-04 10:57:00,DCM,buy,21,97.21,2.04141
TC001_25_3,C001,2023-08-04 09:22:00,LPB,buy,34,85.17,2.8957800000000002
TC001_25_4,C001,2023-08-04 10:08:00,DCM,buy,28,24.1,0.6748000000000001
TC001_25_5,C001,2023-08-04 09:05:00,VHC,buy,17,20.3,0.3451
TC001_25_6,C001,2023-08-04 13:44:00,LPB,sell,12,60.06,0.72072
TC001_25_7,C001,2023-08-04 14:48:00,DCM,sell,22,60.23,1.32506
TC001_25_8,C001,2023-08-04 14:26:00,VHC,sell,26,89.15,2.3179000000000003
TC001_25_close,C001,2023-08-04 13:06:00,CSV,sell,15,33.87,0.0
TC001_26_0,C001,2023-08-07 11:16:00,DCM,buy,51,97.45,4.96995
TC001_26_1,C001,2023-08-07 11:06:00,LPB,buy,13,50.02,0.65026
TC001_26_2,C001,2023-08-07 13:28:00,LPB,sell,8,99.5,0.796
TC001_26_close,C001,2023-08-07 13:50:00,DCM,sell,51,69.2,0.0
TC001_27_0,C001,2023-08-08 11:02:00,LPB,buy,79,33.46,2.6433400000000002
TC001_27_1,C001,2023-08-08 11:25:00,SJS,buy,21,73.77,1.54917
TC001_27_2,C001,2023-08-08 10:25:00,DCM,buy,34,40.3,1.3701999999999999
TC001_27_3,C001,2023-08-08 11:20:00,DCM,buy,24,36.4,0.8735999999999999
TC001_27_4,C001,2023-08-08 10:24:00,CSV,buy,64,74.11,4.74304
TC001_27_5,C001,2023-08-08 09:08:00,CSV,buy,12,76.88,0.9225599999999999
TC001_27_7,C001,2023-08-08 13:00:00,SJS,sell,21,42.08,0.88368
TC001_27_9,C001,2023-08-08 13:07:00,DCM,sell,58,49.87,2.8924600000000003
TC001_27_10,C001,2023-08-08 13:13:00,LPB,sell,54,52.63,2.84202
TC001_27_close,C001,2023-08-08 14:21:00,CSV,sell,76,68.34,0.0
TC001_28_0,C001,2023-08-09 09:26:00,SJS,buy,45,28.6,1.287
TC001_28_1,C001,2023-08-09 11:08:00,CSV,buy,60,24.15,1.449
TC001_28_2,C001,2023-08-09 09:44:00,CSV,buy,57,41.19,2.34783
TC001_28_3,C001,2023-08-09 10:02:00,SJS,buy,40,81.97,3.2788000000000004
TC001_28_4,C001,2023-08-09 11:06:00,VHC,buy,47,85.38,4.01286
TC001_28_5,C001,2023-08-09 14:39:00,CSV,sell,75,98.47,7.38525
TC001_28_7,C001,2023-08-09 13:27:00,VHC,sell,12,23.43,0.28115999999999997
TC001_28_close,C001,2023-08-09 14:05:00,SJS,sell,85,39.88,0.0
TC001_29_0,C001,2023-08-10 09:11:00,SJS,buy,54,58.13,3.13902
TC001_29_1,C001,2023-08-10 09:44:00,LPB,buy,31,88.58,2.74598
TC001_29_2,C001,2023-08-10 10:50:00,LPB,buy,77,73.68,5.673360000000001
TC001_29_3,C001,2023-08-10 11:03:00,DCM,buy,11,40.76,0.44836
TC001_29_4,C001,2023-08-10 11:02:00,VHC,buy,76,44.15,3.3554000000000004
TC001_29_5,C001,2023-08-10 11:07:00,DCM,buy,50,62.37,3.1185
TC001_29_6,C001,2023-08-10 11:15:00,VHC,buy,22,60.38,1.3283600000000002
TC001_29_7,C001,2023-08-10 13:14:00,LPB,sell,108,80.79,8.725320000000002
TC001_29_8,C001,2023-08-10 14:48:00,DCM,sell,18,46.13,0.8303400000000001
TC001_29_9,C001,2023-08-10 13:04:00,VHC,sell,50,45.06,2.253
TC001_29_10,C001,2023-08-10 14:12:00,SJS,sell,20,85.88,1.7176
TC001_30_0,C001,2023-08-11 09:05:00,LPB,buy,11,43.03,0.47333000000000003
TC001_30_1,C001,2023-08-11 11:04:00,CSV,buy,42,97.25,4.0845
TC001_30_2,C001,2023-08-11 11:04:00,DCM,buy,34,93.6,3.1824
TC001_30_3,C001,2023-08-11 13:51:00,DCM,sell,18,87.44,1.5739200000000002
TC001_30_close,C001,2023-08-11 14:35:00,LPB,sell,11,80.66,0.0
TC001_30_close,C001,2023-08-11 13:58:00,CSV,sell,42,57.51,0.0
TC001_31_0,C001,2023-08-14 09:47:00,LPB,buy,32,33.13,1.0601600000000002
TC001_31_1,C001,2023-08-14 09:20:00,CSV,buy,19,74.27,1.41113
TC001_31_2,C001,2023-08-14 09:24:00,LPB,buy,65,77.03,5.00695
TC001_31_3,C001,2023-08-14 10:40:00,CSV,buy,51,60.38,3.07938
TC001_31_4,C001,2023-08-14 10:26:00,VHC,buy,31,45.01,1.39531
TC001_31_5,C001,2023-08-14 14:53:00,CSV,sell,70,60.01,4.2007
TC001_31_6,C001,2023-08-14 14:56:00,LPB,sell,59,47.14,2.78126
TC001_31_10,C001,2023-08-14 13:02:00,VHC,sell,19,42.48,0.80712
TC001_32_0,C001,2023-08-15 11:16:00,VHC,buy,38,43.35,1.6473
TC001_32_1,C001,2023-08-15 10:48:00,VHC,buy,23,80.04,1.8409200000000001
TC001_32_3,C001,2023-08-15 13:56:00,VHC,sell,15,25.11,0.37665
TC001_33_0,C001,2023-08-16 10:35:00,CSV,buy,30,21.45,0.6435
TC001_33_1,C001,2023-08-16 09:03:00,SJS,buy,78,81.87,6.385860000000001
TC001_33_2,C001,2023-08-16 09:54:00,SJS,buy,29,96.0,2.7840000000000003
TC001_33_3,C001,2023-08-16 11:10:00,SJS,buy,67,60.75,4.07025
TC001_33_5,C001,2023-08-16 14:09:00,CSV,sell,6,29.85,0.17910000000000004
TC001_33_close,C001,2023-08-16 13:57:00,SJS,sell,174,92.48,0.0
TC001_34_0,C001,2023-08-17 11:15:00,SJS,buy,25,44.23,1.10575
TC001_34_1,C001,2023-08-17 10:01:00,LPB,buy,72,48.32,3.47904
TC001_34_2,C001,2023-08-17 10:19:00,SJS,buy,71,60.48,4.29408
TC001_34_3,C001,2023-08-17 14:57:00,SJS,sell,96,31.68,3.04128
TC001_34_close,C001,2023-08-17 13:58:00,LPB,sell,72,70.88,0.0
TC001_35_0,C001,2023-08-18 11:19:00,LPB,buy,41,76.73,3.1459300000000003
TC001_35_1,C001,2023-08-18 09:49:00,VHC,buy,33,93.49,3.0851699999999997
TC001_35_2,C001,2023-08-18 11:18:00,SJS,buy,51,65.54,3.3425400000000005
TC001_35_3,C001,2023-08-18 11:09:00,SJS,buy,53,29.05,1.5396500000000002
TC001_35_4,C001,2023-08-18 09:42:00,DCM,buy,79,44.58,3.52182
TC001_35_5,C001,2023-08-18 11:25:00,CSV,buy,43,31.33,1.3471899999999999
TC001_35_6,C001,2023-08-18 09:34:00,LPB,buy,69,50.53,3.4865700000000004
TC001_35_7,C001,2023-08-18 14:07:00,VHC,sell,16,36.14,0.57824
TC001_35_8,C001,2023-08-18 13:15:00,DCM,sell,30,96.22,2.8866
TC001_35_10,C001,2023-08-18 13:32:00,CSV,sell,4,88.74,0.35496
TC001_35_13,C001,2023-08-18 14:26:00,LPB,sell,46,22.89,1.05294
TC001_35_close,C001,2023-08-18 14:44:00,SJS,sell,104,55.1,0.0
TC001_36_0,C001,2023-08-21 10:35:00,DCM,buy,69,92.05,6.35145
TC001_36_1,C001,2023-08-21 11:08:00,VHC,buy,23,25.68,0.59064
TC001_36_2,C001,2023-08-21 11:04:00,VHC,buy,29,88.77,2.57433
TC001_36_4,C001,2023-08-21 13:44:00,VHC,sell,52,35.98,1.87096
TC001_36_close,C001,2023-08-21 14:35:00,DCM,sell,69,26.37,0.0
TC001_37_0,C001,2023-08-22 09:23:00,LPB,buy,49,77.59,3.8019100000000003
TC001_37_1,C001,2023-08-22 09:26:00,DCM,buy,77,50.11,3.85847
TC001_37_2,C001,2023-08-22 10:51:00,SJS,buy,72,59.96,4.31712
TC001_37_3,C001,2023-08-22 10:30:00,SJS,buy,42,94.63,3.97446
TC001_37_4,C001,2023-08-22 13:04:00,DCM,sell,15,65.56,0.9834000000000002
TC001_37_close,C001,2023-08-22 13:29:00,LPB,sell,49,70.33,0.0
TC001_37_close,C001,2023-08-22 13:45:00,SJS,sell,114,79.49,0.0
TC001_38_0,C001,2023-08-23 11:14:00,CSV,buy,45,92.96,4.1832
TC001_38_1,C001,2023-08-23 11:05:00,VHC,buy,52,41.67,2.16684
TC001_38_2,C001,2023-08-23 10:38:00,LPB,buy,58,28.85,1.6733000000000002
TC001_38_3,C001,2023-08-23 14:27:00,CSV,sell,45,38.68,1.7406
TC001_38_4,C001,2023-08-23 13:49:00,LPB,sell,58,41.78,2.4232400000000003
TC001_38_close,C001,2023-08-23 13:43:00,VHC,sell,52,56.74,0.0
TC001_39_0,C001,2023-08-24 10:53:00,LPB,buy,23,70.1,1.6123
TC001_39_1,C001,2023-08-24 10:19:00,CSV,buy,20,35.82,0.7164
TC001_39_2,C001,2023-08-24 09:21:00,DCM,buy,70,31.95,2.2365
TC001_39_3,C001,2023-08-24 11:11:00,DCM,buy,71,45.15,3.2056500000000003
TC001_39_4,C001,2023-08-24 09:02:00,SJS,buy,20,96.31,1.9262000000000001
TC001_39_5,C001,2023-08-24 09:18:00,DCM,buy,70,74.64,5.2248
TC001_39_6,C001,2023-08-24 11:26:00,DCM,buy,17,48.86,0.83062
TC001_39_8,C001,2023-08-24 13:22:00,LPB,sell,11,64.81,0.71291
TC001_39_11,C001,2023-08-24 14:53:00,SJS,sell,20,82.58,1.6516
TC001_39_13,C001,2023-08-24 13:48:00,CSV,sell,3,58.63,0.17589000000000002
TC001_39_close,C001,2023-08-24 14:51:00,DCM,sell,228,76.3,0.0
TC001_40_0,C001,2023-08-25 10:28:00,VHC,buy,67,85.27,5.71309
TC001_40_1,C001,2023-08-25 10:23:00,SJS,buy,73,75.04,5.47792
TC001_40_2,C001,2023-08-25 10:28:00,LPB,buy,16,44.99,0.71984
TC001_40_3,C001,2023-08-25 09:30:00,VHC,buy,79,63.23,4.99517
TC001_40_5,C001,2023-08-25 13:58:00,VHC,sell,146,40.71,5.94366
TC001_40_close,C001,2023-08-25 13:02:00,SJS,sell,73,35.5,0.0
TC001_40_close,C001,2023-08-25 13:05:00,LPB,sell,16,34.42,0.0
TC001_41_0,C001,2023-08-28 09:10:00,DCM,buy,18,47.81,0.86058
TC001_41_1,C001,2023-08-28 11:23:00,VHC,buy,30,60.01,1.8003
TC001_41_3,C001,2023-08-28 13:07:00,DCM,sell,18,56.19,1.01142
TC001_41_4,C001,2023-08-28 14:43:00,VHC,sell,4,29.76,0.11904
TC001_42_0,C001,2023-08-29 09:22:00,CSV,buy,54,71.64,3.86856
TC001_42_1,C001,2023-08-29 09:47:00,DCM,buy,49,47.0,2.303
TC001_42_2,C001,2023-08-29 09:42:00,LPB,buy,33,87.46,2.88618
TC001_42_3,C001,2023-08-29 09:05:00,LPB,buy,31,20.57,0.63767
TC001_42_4,C001,2023-08-29 10:05:00,VHC,buy,14,30.98,0.43372000000000005
TC001_42_5,C001,2023-08-29 09:47:00,VHC,buy,24,60.74,1.45776
TC001_42_6,C001,2023-08-29 13:51:00,CSV,sell,19,31.3,0.5947
TC001_42_7,C001,2023-08-29 14:09:00,VHC,sell,12,54.91,0.65892
TC001_42_close,C001,2023-08-29 14:04:00,DCM,sell,49,97.63,0.0
TC001_42_close,C001,2023-08-29 13:01:00,LPB,sell,64,25.66,0.0
TC001_43_0,C001,2023-08-30 10:16:00,CSV,buy,58,92.99,5.39342
TC001_43_1,C001,2023-08-30 09:51:00,CSV,buy,65,97.35,6.32775
TC001_43_4,C001,2023-08-30 14:33:00,CSV,sell,70,52.11,3.6477
TC001_44_0,C001,2023-08-31 09:08:00,DCM,buy,19,73.78,1.40182
TC001_44_1,C001,2023-08-31 09:09:00,CSV,buy,32,42.81,1.36992
TC001_44_2,C001,2023-08-31 10:54:00,DCM,buy,42,22.26,0.9349200000000001
TC001_44_3,C001,2023-08-31 09:17:00,DCM,buy,79,96.4,7.615600000000001
TC001_44_5,C001,2023-08-31 14:26:00,DCM,sell,82,60.13,4.93066
TC001_44_6,C001,2023-08-31 13:55:00,CSV,sell,19,74.41,1.41379
TC001_45_0,C001,2023-09-01 10:36:00,LPB,buy,15,45.19,0.67785
TC001_45_1,C001,2023-09-01 10:58:00,DCM,buy,43,75.37,3.2409100000000004
TC001_45_2,C001,2023-09-01 09:27:00,DCM,buy,78,98.02,7.64556
TC001_45_3,C001,2023-09-01 09:22:00,VHC,buy,55,27.82,1.5301
TC001_45_4,C001,2023-09-01 13:47:00,VHC,sell,13,92.09,1.19717
TC001_45_5,C001,2023-09-01 13:44:00,LPB,sell,8,73.7,0.5896
TC001_45_close,C001,2023-09-01 13:02:00,DCM,sell,121,29.4,0.0
TC001_46_0,C001,2023-09-04 10:59:00,LPB,buy,71,58.35,4.14285
TC001_46_1,C001,2023-09-04 09:03:00,LPB,buy,76,86.0,6.5360000000000005
TC001_46_2,C001,2023-09-04 09:21:00,SJS,buy,23,51.88,1.19324
TC001_46_3,C001,2023-09-04 11:23:00,LPB,buy,38,27.56,1.04728
TC001_46_4,C001,2023-09-04 10:41:00,VHC,buy,68,66.5,4.522
TC001_46_5,C001,2023-09-04 09:51:00,VHC,buy,38,34.65,1.3167
TC001_46_6,C001,2023-09-04 11:12:00,SJS,buy,35,63.07,2.2074499999999997
TC001_46_8,C001,2023-09-04 13:59:00,SJS,sell,23,84.38,1.94074
TC001_46_9,C001,2023-09-04 14:04:00,VHC,sell,106,72.9,7.7274
TC001_46_11,C001,2023-09-04 14:27:00,LPB,sell,85,53.27,4.52795
TC001_47_0,C001,2023-09-05 10:30:00,CSV,buy,41,44.64,1.83024
TC001_47_1,C001,2023-09-05 10:53:00,VHC,buy,39,51.41,2.00499
TC001_47_2,C001,2023-09-05 09:11:00,CSV,buy,57,20.43,1.16451
TC001_47_3,C001,2023-09-05 09:59:00,LPB,buy,28,82.17,2.3007600000000004
TC001_47_5,C001,2023-09-05 14:48:00,LPB,sell,14,75.93,1.06302
TC001_47_close,C001,2023-09-05 13:18:00,CSV,sell,98,80.99,0.0
TC001_47_close,C001,2023-09-05 14:52:00,VHC,sell,39,78.07,0.0
TC001_48_0,C001,2023-09-06 09:42:00,DCM,buy,35,23.91,0.8368500000000001
TC001_48_1,C001,2023-09-06 11:09:00,VHC,buy,73,94.94,6.93062
TC001_48_2,C001,2023-09-06 11:13:00,VHC,buy,21,29.4,0.6174
TC001_48_3,C001,2023-09-06 09:59:00,SJS,buy,14,72.53,1.01542
TC001_48_4,C001,2023-09-06 09:31:00,CSV,buy,67,91.59,6.1365300000000005
TC001_48_5,C001,2023-09-06 09:13:00,DCM,buy,80,81.32,6.505599999999999
TC001_48_6,C001,2023-09-06 10:23:00,LPB,buy,16,45.18,0.72288
TC001_48_7,C001,2023-09-06 14:51:00,LPB,sell,16,92.1,1.4736
TC001_48_9,C001,2023-09-06 14:19:00,SJS,sell,5,70.96,0.35479999999999995
TC001_48_10,C001,2023-09-06 13:51:00,DCM,sell,45,22.33,1.00485
TC001_48_12,C001,2023-09-06 13:53:00,VHC,sell,94,73.07,6.868579999999999
TC001_48_close,C001,2023-09-06 14:14:00,CSV,sell,67,27.47,0.0
TC001_49_0,C001,2023-09-07 10:49:00,CSV,buy,57,51.67,2.94519
TC001_49_1,C001,2023-09-07 10:47:00,VHC,buy,12,97.04,1.16448
TC001_49_2,C001,2023-09-07 11:04:00,CSV,buy,10,96.78,0.9678
TC001_49_3,C001,2023-09-07 11:29:00,DCM,buy,19,41.99,0.7978100000000001
TC001_49_4,C001,2023-09-07 11:00:00,CSV,buy,75,23.86,1.7895
TC001_49_5,C001,2023-09-07 10:18:00,CSV,buy,42,66.85,2.8077
TC001_49_7,C001,2023-09-07 13:38:00,CSV,sell,22,33.09,0.7279800000000001
TC001_49_10,C001,2023-09-07 14:37:00,VHC,sell,4,80.15,0.32060000000000005
TC001_49_close,C001,2023-09-07 13:57:00,DCM,sell,19,48.13,0.0
TC001_50_0,C001,2023-09-08 10:18:00,VHC,buy,64,53.06,3.39584
TC001_50_1,C001,2023-09-08 09:18:00,LPB,buy,66,76.93,5.07738
TC001_50_2,C001,2023-09-08 09:49:00,LPB,buy,30,66.9,2.007
TC001_50_3,C001,2023-09-08 09:50:00,CSV,buy,62,99.76,6.18512
TC001_50_4,C001,2023-09-08 11:29:00,VHC,buy,33,51.57,1.70181
TC001_50_6,C001,2023-09-08 14:07:00,VHC,sell,97,96.22,9.33334
TC001_50_close,C001,2023-09-08 14:50:00,LPB,sell,96,99.75,0.0
TC001_50_close,C001,2023-09-08 13:09:00,CSV,sell,62,62.53,0.0
TC001_51_0,C001,2023-09-11 10:26:00,LPB,buy,75,72.89,5.46675
TC001_51_1,C001,2023-09-11 09:33:00,CSV,buy,60,98.71,5.922599999999999
TC001_51_2,C001,2023-09-11 09:17:00,SJS,buy,64,87.55,5.6032
TC001_51_3,C001,2023-09-11 14:09:00,LPB,sell,75,40.4,3.0300000000000002
TC001_51_5,C001,2023-09-11 14:35:00,SJS,sell,64,52.6,3.3664
TC001_51_close,C001,2023-09-11 14:50:00,CSV,sell,60,96.82,0.0
TC001_52_0,C001,2023-09-12 09:45:00,DCM,buy,14,95.31,1.33434
TC001_52_1,C001,2023-09-12 11:15:00,LPB,buy,22,90.52,1.9914399999999999
TC001_52_2,C001,2023-09-12 09:54:00,LPB,buy,43,31.23,1.3428900000000001
TC001_52_3,C001,2023-09-12 10:11:00,CSV,buy,13,35.59,0.4626700000000001
TC001_52_4,C001,2023-09-12 14:43:00,DCM,sell,8,87.67,0.70136
TC001_52_7,C001,2023-09-12 13:39:00,CSV,sell,1,82.65,0.08265
TC001_52_close,C001,2023-09-12 14:05:00,LPB,sell,65,29.27,0.0
TC001_53_0,C001,2023-09-13 11:15:00,LPB,buy,27,87.66,2.3668199999999997
TC001_53_1,C001,2023-09-13 09:05:00,CSV,buy,63,64.62,4.07106
TC001_53_2,C001,2023-09-13 09:41:00,CSV,buy,10,93.04,0.9304000000000001
TC001_53_4,C001,2023-09-13 13:22:00,LPB,sell,27,23.62,0.63774
TC001_53_5,C001,2023-09-13 14:21:00,CSV,sell,14,72.88,1.02032
TC001_54_0,C001,2023-09-14 10:01:00,DCM,buy,76,89.5,6.8020000000000005
TC001_54_1,C001,2023-09-14 11:12:00,VHC,buy,23,49.24,1.13252
TC001_54_2,C001,2023-09-14 11:21:00,DCM,buy,78,71.44,5.5723199999999995
TC001_54_3,C001,2023-09-14 10:06:00,DCM,buy,60,25.85,1.551
TC001_54_4,C001,2023-09-14 11:22:00,SJS,buy,48,34.54,1.65792
TC001_54_5,C001,2023-09-14 10:19:00,VHC,buy,57,72.6,4.1382
TC001_54_6,C001,2023-09-14 09:57:00,CSV,buy,79,32.78,2.58962
TC001_54_7,C001,2023-09-14 13:32:00,SJS,sell,18,73.65,1.3257
TC001_54_8,C001,2023-09-14 14:02:00,CSV,sell,46,71.04,3.26784
TC001_54_9,C001,2023-09-14 13:38:00,VHC,sell,15,31.52,0.4728
TC001_54_11,C001,2023-09-14 14:37:00,DCM,sell,146,54.51,7.9584600000000005
TC001_55_0,C001,2023-09-15 11:15:00,CSV,buy,76,37.23,2.8294799999999998
TC001_55_1,C001,2023-09-15 11:13:00,VHC,buy,28,78.63,2.20164
TC001_55_2,C001,2023-09-15 09:08:00,CSV,buy,51,32.67,1.6661700000000002
TC001_55_3,C001,2023-09-15 09:10:00,VHC,buy,15,58.08,0.8712
TC001_55_4,C001,2023-09-15 10:02:00,CSV,buy,21,94.72,1.98912
TC001_55_5,C001,2023-09-15 10:14:00,VHC,buy,40,78.48,3.1392
TC001_55_6,C001,2023-09-15 11:00:00,VHC,buy,65,41.77,2.71505
TC001_55_11,C001,2023-09-15 13:39:00,VHC,sell,25,75.91,1.89775
TC001_55_close,C001,2023-09-15 13:00:00,CSV,sell,148,22.79,0.0
TC001_56_0,C001,2023-09-18 09:43:00,VHC,buy,49,59.43,2.9120700000000004
TC001_56_1,C001,2023-09-18 10:50:00,DCM,buy,37,83.75,3.09875
TC001_56_2,C001,2023-09-18 10:04:00,DCM,buy,69,26.32,1.81608
TC001_56_3,C001,2023-09-18 10:23:00,VHC,buy,46,66.17,3.04382
TC001_56_5,C001,2023-09-18 14:59:00,VHC,sell,95,41.19,3.9130499999999997
TC001_56_7,C001,2023-09-18 13:18:00,DCM,sell,70,93.94,6.5758
TC001_57_0,C001,2023-09-19 11:08:00,VHC,buy,53,89.57,4.74721
TC001_57_1,C001,2023-09-19 09:39:00,SJS,buy,77,77.27,5.94979
TC001_57_2,C001,2023-09-19 09:41:00,CSV,buy,50,43.51,2.1755
TC001_57_3,C001,2023-09-19 09:29:00,LPB,buy,58,48.96,2.83968
TC001_57_4,C001,2023-09-19 09:46:00,LPB,buy,46,45.72,2.10312
TC001_57_6,C001,2023-09-19 13:56:00,VHC,sell,8,43.18,0.34544
TC001_57_9,C001,2023-09-19 14:42:00,SJS,sell,77,68.31,5.25987
TC001_57_close,C001,2023-09-19 13:18:00,CSV,sell,50,89.86,0.0
TC001_57_close,C001,2023-09-19 13:20:00,LPB,sell,104,60.78,0.0
TC001_58_0,C001,2023-09-20 09:30:00,SJS,buy,50,70.81,3.5405
TC001_58_1,C001,2023-09-20 09:03:00,LPB,buy,78,61.85,4.8243
TC001_58_2,C001,2023-09-20 09:58:00,VHC,buy,18,21.88,0.39383999999999997
TC001_58_3,C001,2023-09-20 11:00:00,VHC,buy,44,21.68,0.95392
TC001_58_4,C001,2023-09-20 11:29:00,SJS,buy,49,99.86,4.893140000000001
TC001_58_5,C001,2023-09-20 11:00:00,LPB,buy,33,96.73,3.1920900000000003
TC001_58_6,C001,2023-09-20 14:38:00,SJS,sell,14,67.73,0.9482200000000001
TC001_58_7,C001,2023-09-20 13:22:00,LPB,sell,64,30.11,1.92704
TC001_58_10,C001,2023-09-20 14:42:00,VHC,sell,31,64.09,1.9867900000000003
TC001_59_0,C001,2023-09-21 10:36:00,CSV,buy,29,85.84,2.48936
TC001_59_1,C001,2023-09-21 10:21:00,CSV,buy,41,97.43,3.9946300000000003
TC001_59_2,C001,2023-09-21 09:13:00,LPB,buy,23,87.92,2.02216
TC001_59_4,C001,2023-09-21 13:06:00,LPB,sell,23,38.13,0.87699
TC001_59_close,C001,2023-09-21 14:47:00,CSV,sell,70,27.24,0.0
TC002_0_0,C002,2023-07-01 10:24:00,ASM,buy,45,77.84,3.5028
TC002_1_0,C002,2023-07-04 11:25:00,SHB,buy,79,49.01,3.87179
TC002_1_1,C002,2023-07-04 10:11:00,VGC,buy,47,85.47,4.0170900000000005
TC002_2_0,C002,2023-07-06 13:29:00,DIG,buy,44,66.01,2.90444
TC002_2_2,C002,2023-07-06 11:30:00,TCH,buy,78,56.66,4.41948
TC002_3_0,C002,2023-07-10 14:28:00,KBC,buy,48,53.17,2.5521599999999998
TC002_3_2,C002,2023-07-10 09:37:00,VIX,buy,94,48.71,4.57874
TC002_4_0,C002,2023-07-13 09:05:00,VCB,buy,110,77.39,8.5129
TC002_5_0,C002,2023-07-19 11:11:00,DIG,buy,69,34.99,2.41431
TC002_5_1,C002,2023-07-19 09:59:00,PDR,buy,38,22.2,0.8436
TC002_6_0,C002,2023-07-21 10:45:00,VCB,sell,20,34.97,0.6994
TC002_6_1,C002,2023-07-21 11:11:00,VCB,buy,86,63.85,5.4911
TC002_6_2,C002,2023-07-21 11:20:00,VCB,sell,112,62.21,6.96752
TC002_7_0,C002,2023-07-26 14:33:00,ASM,buy,113,44.34,5.01042
TC002_8_0,C002,2023-08-01 13:30:00,VCB,buy,113,90.23,10.19599
TC002_8_1,C002,2023-08-01 09:24:00,POW,buy,116,59.57,6.91012
TC002_8_2,C002,2023-08-01 14:42:00,DIG,buy,46,85.65,3.9399
TC002_9_0,C002,2023-08-03 09:41:00,KBC,buy,119,22.49,2.67631
TC002_9_1,C002,2023-08-03 13:53:00,TCH,buy,104,61.42,6.3876800000000005
TC002_10_0,C002,2023-08-09 13:25:00,ASM,buy,52,51.94,2.70088
TC002_11_0,C002,2023-08-11 11:30:00,KBC,buy,90,61.43,5.5287
TC002_12_0,C002,2023-08-15 13:46:00,VGC,sell,3,92.99,0.27897
TC002_13_0,C002,2023-08-17 10:25:00,VCB,sell,56,97.4,5.454400000000001
TC002_13_1,C002,2023-08-17 09:43:00,VGC,sell,2,31.66,0.06332
TC002_13_2,C002,2023-08-17 09:23:00,SHB,buy,101,28.65,2.8936499999999996
TC002_14_0,C002,2023-08-21 13:35:00,VIX,sell,43,26.94,1.15842
TC002_14_1,C002,2023-08-21 10:06:00,KBC,buy,90,42.19,3.7971
TC002_15_0,C002,2023-08-24 13:17:00,SHB,buy,115,54.61,6.28015
TC002_15_1,C002,2023-08-24 10:19:00,POW,buy,18,33.91,0.6103799999999999
TC002_15_2,C002,2023-08-24 11:08:00,VGC,sell,8,75.27,0.60216
TC002_16_0,C002,2023-08-30 10:40:00,POW,buy,11,30.25,0.33275
TC002_16_1,C002,2023-08-30 09:52:00,VGC,buy,10,67.01,0.6701
TC002_17_0,C002,2023-09-01 13:45:00,VGC,buy,11,32.11,0.35320999999999997
TC002_18_0,C002,2023-09-06 14:46:00,KBC,sell,23,61.88,1.42324
TC002_18_1,C002,2023-09-06 14:50:00,VIX,buy,107,70.18,7.509260000000001
TC002_18_2,C002,2023-09-06 13:36:00,VIX,buy,72,81.08,5.83776
TC002_19_0,C002,2023-09-08 14:18:00,PDR,buy,96,40.14,3.85344
TC002_19_1,C002,2023-09-08 10:33:00,ASM,buy,109,88.88,9.68792
TC002_19_2,C002,2023-09-08 13:57:00,KBC,buy,52,54.26,2.82152
TC002_20_0,C002,2023-09-13 09:32:00,VCB,buy,38,99.35,3.7752999999999997
TC002_21_0,C002,2023-09-18 13:28:00,ASM,buy,55,28.33,1.55815
TC002_21_1,C002,2023-09-18 13:20:00,VCB,buy,60,87.57,5.2542
TC002_21_2,C002,2023-09-18 14:34:00,VIX,buy,75,38.19,2.86425
TC002_22_0,C002,2023-09-20 13:07:00,TCH,buy,82,46.84,3.8408800000000003
TC002_23_0,C002,2023-09-22 09:43:00,DIG,sell,147,76.83,11.29401
TC002_24_0,C002,2023-09-27 10:19:00,PDR,buy,99,28.43,2.8145700000000002
TC002_25_0,C002,2023-10-02 14:19:00,ASM,sell,346,54.18,18.74628
TC002_25_1,C002,2023-10-02 11:25:00,VIX,buy,15,32.01,0.48014999999999997
TC002_25_2,C002,2023-10-02 14:18:00,ASM,buy,14,75.38,1.05532
TC002_26_0,C002,2023-10-06 13:56:00,DIG,buy,10,85.03,0.8503
TC002_26_1,C002,2023-10-06 09:37:00,TCH,buy,75,68.5,5.1375
TC002_27_0,C002,2023-10-10 11:05:00,DIG,sell,8,52.59,0.42072000000000004
TC002_27_1,C002,2023-10-10 11:09:00,TCH,sell,313,98.08,30.69904
TC002_28_0,C002,2023-10-13 13:33:00,VIX,buy,22,71.04,1.56288
TC002_29_0,C002,2023-10-18 14:52:00,DIG,sell,1,50.74,0.05074
TC002_29_1,C002,2023-10-18 14:36:00,ASM,sell,39,65.15,2.5408500000000003
TC002_29_2,C002,2023-10-18 14:14:00,DIG,sell,13,66.42,0.86346
TC002_30_0,C002,2023-10-24 13:06:00,ASM,buy,65,42.84,2.7846000000000006
TC002_31_0,C002,2023-10-26 14:11:00,KBC,buy,51,67.86,3.4608600000000003
TC002_31_1,C002,2023-10-26 10:38:00,PDR,sell,187,50.39,9.422930000000001
TC002_31_2,C002,2023-10-26 11:21:00,PDR,buy,47,36.97,1.73759
TC002_32_1,C002,2023-10-30 10:15:00,VCB,sell,196,74.96,14.692159999999998
TC002_33_0,C002,2023-11-01 14:29:00,VGC,sell,40,79.89,3.1955999999999998
TC002_33_1,C002,2023-11-01 10:28:00,VGC,buy,43,97.23,4.180890000000001
TC002_34_0,C002,2023-11-07 09:38:00,VCB,buy,15,20.0,0.3
TC002_35_0,C002,2023-11-09 09:33:00,ASM,buy,44,98.5,4.3340000000000005
TC002_35_1,C002,2023-11-09 14:57:00,VGC,buy,47,68.1,3.2007
TC002_36_0,C002,2023-11-13 14:24:00,SHB,buy,74,77.43,5.729820000000001
TC002_37_0,C002,2023-11-17 14:54:00,POW,sell,105,44.37,4.658849999999999
TC002_37_1,C002,2023-11-17 09:08:00,KBC,sell,140,27.48,3.8472000000000004
TC002_38_0,C002,2023-11-23 10:18:00,VCB,buy,11,98.52,1.08372
TC002_38_1,C002,2023-11-23 09:45:00,TCH,sell,24,63.08,1.5139200000000002
TC002_39_0,C002,2023-11-29 11:17:00,POW,buy,105,45.62,4.7901
TC002_39_1,C002,2023-11-29 14:19:00,POW,buy,79,79.59,6.287610000000001
TC002_40_0,C002,2023-12-01 14:26:00,TCH,buy,64,43.06,2.75584
TC002_40_1,C002,2023-12-01 13:53:00,VGC,sell,38,47.55,1.8069
TC002_40_2,C002,2023-12-01 14:54:00,VIX,buy,114,81.82,9.32748
TC002_41_0,C002,2023-12-07 11:06:00,ASM,sell,56,61.14,3.42384
TC002_41_1,C002,2023-12-07 14:29:00,POW,buy,30,72.87,2.1861000000000006
TC002_41_2,C002,2023-12-07 10:29:00,POW,sell,241,67.88,16.35908
TC002_42_0,C002,2023-12-11 10:46:00,TCH,buy,74,50.37,3.7273799999999997
TC002_43_0,C002,2023-12-13 09:10:00,SHB,buy,13,73.96,0.9614799999999999
TC002_44_0,C002,2023-12-19 10:24:00,DIG,buy,97,68.58,6.65226
TC002_45_0,C002,2023-12-25 14:18:00,VCB,sell,36,51.6,1.8576000000000001
TC002_45_1,C002,2023-12-25 11:04:00,ASM,sell,39,33.92,1.32288
TC002_45_2,C002,2023-12-25 13:56:00,SHB,buy,24,74.85,1.7964
TC002_46_0,C002,2023-12-29 13:18:00,VIX,sell,234,47.56,11.129040000000002
TC002_46_1,C002,2023-12-29 10:05:00,PDR,buy,114,35.13,4.0048200000000005
TC002_47_0,C002,2024-01-02 11:23:00,TCH,sell,88,28.67,2.52296
TC002_47_1,C002,2024-01-02 09:27:00,VIX,sell,156,79.77,12.44412
TC002_48_0,C002,2024-01-04 13:55:00,VIX,buy,51,87.58,4.46658
TC002_48_1,C002,2024-01-04 13:47:00,VIX,buy,51,22.5,1.1475
TC002_49_0,C002,2024-01-10 13:35:00,VIX,sell,42,57.58,2.4183600000000003
TC002_50_0,C002,2024-01-16 10:20:00,PDR,buy,13,88.0,1.1440000000000001
TC002_50_1,C002,2024-01-16 10:23:00,TCH,buy,79,35.4,2.7965999999999998
TC002_50_2,C002,2024-01-16 14:36:00,ASM,buy,118,53.08,6.26344
TC002_51_0,C002,2024-01-18 14:59:00,VCB,buy,94,78.12,7.343280000000001
TC002_52_0,C002,2024-01-23 14:04:00,VIX,buy,98,82.46,8.08108
TC002_52_1,C002,2024-01-23 11:21:00,VGC,buy,80,26.56,2.1247999999999996
TC002_53_0,C002,2024-01-25 11:20:00,VCB,buy,54,69.39,3.74706
TC002_54_0,C002,2024-01-29 10:55:00,SHB,sell,178,31.76,5.6532800000000005
TC002_54_1,C002,2024-01-29 11:23:00,ASM,sell,129,77.17,9.954930000000001
TC002_55_0,C002,2024-01-31 13:55:00,KBC,buy,60,78.58,4.7148
TC002_55_1,C002,2024-01-31 11:24:00,VIX,buy,28,94.15,2.6362000000000005
TC002_56_0,C002,2024-02-06 11:26:00,VIX,buy,75,61.79,4.63425
TC002_56_1,C002,2024-02-06 14:29:00,VGC,buy,107,23.22,2.48454
TC002_56_2,C002,2024-02-06 11:04:00,ASM,sell,2,25.01,0.05002
TC002_57_0,C002,2024-02-12 14:17:00,VIX,buy,85,32.62,2.7727
TC002_57_1,C002,2024-02-12 13:45:00,KBC,buy,73,92.23,6.7327900000000005
TC002_57_2,C002,2024-02-12 13:12:00,POW,sell,11,27.53,0.30283000000000004
TC002_58_0,C002,2024-02-15 10:09:00,VIX,buy,47,77.05,3.62135
TC002_59_0,C002,2024-02-20 14:08:00,VGC,sell,77,52.07,4.00939
TC003_0_0,C003,2023-07-01 09:14:00,SJS,buy,135,36.07,4.86945
TC003_0_1,C003,2023-07-01 14:30:00,FPT,buy,48,49.68,2.38464
TC003_1_0,C003,2023-07-24 11:10:00,DCM,buy,124,31.78,3.9407200000000002
TC003_1_1,C003,2023-07-24 14:44:00,IDC,buy,89,84.72,7.54008
TC003_3_0,C003,2023-08-22 11:18:00,SHB,buy,145,90.39,13.10655
TC003_3_1,C003,2023-08-22 13:34:00,PLX,buy,178,73.61,13.10258
TC003_4_0,C003,2023-09-06 09:54:00,VRE,buy,103,88.23,9.08769
TC003_4_1,C003,2023-09-06 14:43:00,BVH,buy,39,80.99,3.15861
TC003_5_1,C003,2023-09-15 13:53:00,STB,buy,143,69.46,9.93278
TC003_6_0,C003,2023-10-05 09:25:00,AAA,buy,64,45.63,2.9203200000000002
TC003_7_0,C003,2023-10-20 11:08:00,BCM,buy,168,71.46,12.005279999999999
TC003_8_0,C003,2023-10-31 09:18:00,MWG,buy,71,47.02,3.33842
TC003_9_0,C003,2023-11-15 14:34:00,YEG,buy,68,67.59,4.59612
TC003_10_0,C003,2023-12-06 11:10:00,DCM,sell,20,65.37,1.3074000000000001
TC003_11_0,C003,2023-12-22 10:56:00,MBB,buy,45,32.27,1.45215
TC003_13_0,C003,2024-01-22 13:22:00,VJC,buy,59,76.63,4.521170000000001
TC003_15_0,C003,2024-02-22 14:12:00,CII,buy,41,99.06,4.06146
TC003_15_1,C003,2024-02-22 14:37:00,FPT,buy,159,60.34,9.59406
TC003_16_0,C003,2024-03-01 09:10:00,TCB,buy,148,22.75,3.367
TC003_18_0,C003,2024-04-01 14:48:00,BCG,buy,124,79.68,9.880320000000001
TC003_18_1,C003,2024-04-01 10:33:00,AAA,buy,142,72.45,10.2879
TC003_19_0,C003,2024-04-11 13:31:00,STB,buy,155,66.4,10.292
TC003_20_0,C003,2024-05-02 09:37:00,YEG,buy,173,68.37,11.82801
TC003_21_0,C003,2024-05-21 10:29:00,PAN,buy,173,93.78,16.223940000000002
TC003_21_1,C003,2024-05-21 13:02:00,DCM,sell,93,64.26,5.97618
TC003_22_0,C003,2024-06-04 09:09:00,BCM,buy,138,44.97,6.2058599999999995
TC003_25_0,C003,2024-07-17 14:29:00,CII,buy,32,55.79,1.78528
TC003_26_0,C003,2024-08-06 14:35:00,MBB,buy,58,86.46,5.014679999999999
TC003_26_1,C003,2024-08-06 13:00:00,BVH,buy,133,36.55,4.861149999999999
TC003_27_0,C003,2024-08-26 11:20:00,MBB,buy,130,37.64,4.8932
TC003_29_0,C003,2024-09-19 13:20:00,IDC,buy,89,90.13,8.02157
TC003_29_1,C003,2024-09-19 13:20:00,BVH,buy,113,70.01,7.911130000000001
TC003_34_0,C003,2024-11-29 13:39:00,AAA,buy,54,23.11,1.24794
TC003_34_1,C003,2024-11-29 14:17:00,PAN,buy,127,54.32,6.89864
TC003_36_0,C003,2025-01-06 10:53:00,CII,buy,92,94.69,8.71148
TC003_37_0,C003,2025-01-16 09:30:00,SHB,sell,22,29.97,0.6593399999999999
TC003_38_0,C003,2025-01-29 09:03:00,YEG,buy,51,38.43,1.9599300000000002
TC003_38_1,C003,2025-01-29 09:17:00,BCM,buy,134,28.83,3.86322
TC003_39_0,C003,2025-02-17 11:16:00,PLX,buy,198,89.7,17.760600000000004
TC003_41_0,C003,2025-03-06 09:21:00,CII,buy,30,37.63,1.1289
TC003_41_1,C003,2025-03-06 14:11:00,SHB,sell,11,48.9,0.5378999999999999
TC003_42_0,C003,2025-03-24 13:51:00,MWG,buy,74,57.14,4.2283599999999995
TC003_42_1,C003,2025-03-24 11:15:00,BCM,buy,117,76.82,8.987939999999998
TC003_43_0,C003,2025-04-02 13:08:00,MBB,sell,200,26.27,5.2540000000000004
TC003_43_1,C003,2025-04-02 09:37:00,SJS,buy,181,99.44,17.998639999999998
TC003_44_0,C003,2025-04-15 10:31:00,IDC,sell,176,59.67,10.50192
TC003_45_0,C003,2025-05-02 10:30:00,VJC,buy,96,73.46,7.05216
TC003_45_1,C003,2025-05-02 10:32:00,IDC,buy,156,74.4,11.606400000000002
TC003_46_0,C003,2025-05-15 11:25:00,BVH,sell,197,75.18,14.81046
TC003_46_1,C003,2025-05-15 14:56:00,MWG,buy,197,54.82,10.79954
TC003_47_0,C003,2025-05-26 11:18:00,SJS,buy,122,81.73,9.971060000000001
TC003_47_1,C003,2025-05-26 13:53:00,VND,buy,28,42.21,1.18188
TC003_48_0,C003,2025-06-09 11:12:00,BCG,sell,14,28.24,0.39536
TC003_48_1,C003,2025-06-09 13:04:00,MBB,buy,39,34.04,1.32756
TC003_49_0,C003,2025-06-24 11:22:00,BCM,buy,91,23.41,2.13031
TC003_49_1,C003,2025-06-24 13:35:00,YEG,buy,51,96.75,4.9342500000000005
TC003_50_0,C003,2025-07-16 11:03:00,MBB,buy,190,93.59,17.782100000000003
TC003_50_1,C003,2025-07-16 13:24:00,DCM,buy,56,52.17,2.92152
TC003_52_0,C003,2025-08-13 13:20:00,MBB,buy,185,32.97,6.09945
TC003_53_0,C003,2025-08-29 11:30:00,BCG,buy,35,38.24,1.3384
TC003_53_1,C003,2025-08-29 13:58:00,PLX,buy,130,39.03,5.073900000000001
TC003_54_0,C003,2025-09-18 11:03:00,AAA,buy,111,55.15,6.12165
TC003_55_0,C003,2025-10-07 13:24:00,SHB,buy,42,42.71,1.79382
TC003_56_0,C003,2025-10-28 14:48:00,BVH,buy,47,98.86,4.64642
TC003_57_0,C003,2025-11-06 14:36:00,MBB,buy,165,69.06,11.3949
TC003_58_0,C003,2025-11-25 09:41:00,BVH,buy,88,23.25,2.0460000000000003
TC003_58_1,C003,2025-11-25 14:41:00,STB,sell,97,31.52,3.05744
